verb,other_forms,approved_meaning,ste_examples,page
CONTROL,,Something that controls,"IN AN EMERGENCY, USE THE MANUAL CONTROL.",2-1-C20
GO,"GOES, WENT",To move to or from something,MAKE SURE THAT THE POINTER GOES OUT OF VIEW.,2-1-G6
SMELL,"SMELLS, SMELLED, SMELLED",To sense with the nose,"IF YOU SMELL OIL IN THE COMPARTMENT, REPLACE THE RECIRCULATION FILTERS.",2-1-S15
ABSORB,"ABSORBS, ABSORBED, ABSORBED",1. To take up or into 2. To decrease the effect of,ABSORB THE FLUID WITH A CLEAN CLOTH. | THE SHOCK MOUNT ABSORBS THE VIBRATION.,2-1-A3
CORRECT,,That agrees with all that is necessary to the maximum,MAKE SURE THAT THE POLARITIES ARE CORRECT.,2-1-C21
GO OFF,"GOES OFF, WENT OFF",To become dark when an internal power source is de-energized,THE ANNUNCIATOR LIGHT GOES OFF.,2-1-G6
OBEY,"OBEYS, OBEYED, OBEYED",To do that which the procedures or instructions tell you,OBEY THE PRECAUTIONS THAT FOLLOW.,2-1-O1
SMOKE,,A gas that has particles of burned material and that you can see,"WHEN THE CONCENTRATION OF SMOKE IS MORE THAN THE LIMIT, AN ALARM OPERATES.",2-1-S15
ACCEPT,"ACCEPTS, ACCEPTED, ACCEPTED",To make a decision that something is satisfactory,ACCEPT THE RELAY IF IT IS SERVICEABLE.,2-1-A4
COUNT,"COUNTS, COUNTED, COUNTED",To add the number of objects or occurrences to get a total,COUNT THE NUMBER OF TREADS ON THE TIRE.,2-1-C23
GROUND,,The surface of the earth,YOU CAN ONLY DO THIS PROCEDURE ON THE GROUND.,2-1-G8
OCCUR,OCCURS OCCURRED,"To be found or to take place, to come to be","A SUDDEN MOVEMENT OF THE CONTROL SURFACES CAN OCCUR. | IF THE SYMPTOMS OCCUR AGAIN, DO A SYSTEM TEST.",2-1-O2
SOAK,"SOAKS, SOAKED, SOAKED",1. To put something into a liquid and keep it there until it is fully wet or soft 2. To stay in liquid until fully wet or soft.,SOAK THE FILTER IN THE CLEANING SOLUTION FOR 4 HOURS. | THE COMPONENT MUST SOAK IN THE SOLUTION FOR A MINIMUM OF 2 HOURS.,2-1-S16
ACTIVATE,,"To make a system, function, or feature ready for operation",THE AUTOPILOT ACTIVATES THE APPROACH MODE. | START THE MOTOR.,2-1-A6
CUT,"CUTS, CUT, CUT",1. To divide into CUT parts THREE 2. To remove with a CUT sharp tool THE,THE CABLE INTO EQUAL AND DISCARD LOCKWIRE.,2-1-C24
OPEN,,That lets something go in or out,PUT A PLUG ON THE OPEN END OF EACH PIPE.,2-1-O3
SPEAK,"SPEAKS, SPOKE, SPOKEN",To use a voice to make words,SPEAK INTO THE MICROPHONE.,2-1-S18
ADAPT,"ADAPTS, ADAPTED, ADAPTED",To change or adjust to that which is necessary,ADAPT THE PRESSURE CONNECTION TO THE PITOT HEAD. | THE SYSTEM INTERFACE CIRCUITS ADAPT TO THE PHYSICAL PROPERTIES OF THE CONNECTED SYSTEMS.,2-1-A7
HANG,"HANGS, HUNG, HUNG",To attach or to be attached to something above with no support from below,HANG THE SHACKLE ON THE HOIST. | LOWER THE PLATFORM ASSEMBLY UNTIL IT HANGS ON THE SUPPORT FRAME.,2-1-H1
OPERATE,"OPERATES, OPERATED, OPERATED","To put, keep, or be in action",OPERATE THE PLUNGER TO DRAIN THE SYSTEM. | DO NOT GO NEAR THE ENGINE WHEN IT OPERATES.,2-1-O4
SPILL,"SPILLS, SPILLED, SPILLED","To accidentally flow, or cause to flow, out of a container","IF THE ELECTROLYTE SPILLS, REMOVE IT IMMEDIATELY. | IF YOU SPILL THE ELECTROLYTE, REMOVE IT IMMEDIATELY.",2-1-S19
ADD,"ADDS, ADDED, ADDED","To increase the number, dimension, or quantity",ADD 5 ml OF HARDENER TO THE COMPOUND.,2-1-A7
DEACTIVATE,,"To make a system, function, or feature no longer ready for",SET THE SWITCH TO THE STANDBY POSITION TO DEACTIVATE THE MONITORING BOX. | STOP THE MOTOR.,2-1-D2
HAVE,"HAS, HAD",To possess as a part or quality,THE SYSTEM HAS AN EMERGENCY WARNING DEVICE.,2-1-H3
OVERRIDE,"OVERRIDES, OVERRODE, OVERRIDDEN",To prevent the automatic operation of a part or system,MANUALLY OVERRIDE THE START SEQUENCE.,2-1-O9
SPRAY,,A jet of very small drops of liquid,THE SEALANT IS RESISTANT TO SALT SPRAY.,2-1-S20
ADJUST,"ADJUSTS, ADJUSTED, ADJUSTED",To put in or come to a specified position or value,ADJUST THE FREQUENCY TO THE VALUE GIVEN IN TABLE 1. | THE INTERNAL LOGIC ADJUSTS TO SUDDEN CHANGES IN TEMPERATURE.,2-1-A8
DECREASE,"DECREASES, DECREASED, DECREASED",To make or become smaller or lower,DECREASE THE HEADING INDICATIONS.,2-1-D4
HEAR,"HEARS, HEARD, HEARD",To know by sound in the ear,MAKE SURE THAT YOU HEAR THE AUDIO SIGNALS IN ALL THE CREW HEADSETS.,2-1-H3
START,,The beginning of a movement or operation,MOVEMENT CAN BE SLOW AT THE START.,2-1-S22
AGREE,"AGREES, AGREED, AGREED",To be consistent with,THE INDICATIONS MUST AGREE WITH THE VALUES IN TABLE 1001.,2-1-A11
DE-ENERGIZE,"DE-ENERGIZES, DE-ENERGIZED, DE-ENERGIZED",To remove electrical power from,DE-ENERGIZE THE AC AND DC BUSBARS.,2-1-D4
HELP,"HELPS, HELPED, HELPED",To make something easier or better,PETROLATUM HELPS TO PREVENT CORROSION OF THE TERMINALS.,2-1-H4
PAINT,"PAINTS, PAINTED, PAINTED",To apply paint to something,PAINT ALL THE SURFACES.,2-1-P1
STAY,"STAYS, STAYED",To continue to be in a location or condition,MAKE SURE THAT THE ASSEMBLED PARTS STAY ALIGNED.,2-1-S23
ALIGN,"ALIGNS, ALIGNED, ALIGNED",To put or come into a specified position in relation to a line,ALIGN THE FLANGE HOLES WITH THE STUDS. | ALL THREE BRACKET HOLES MUST ALIGN WITH THE FUEL TUBE.,2-1-A11
DEFLATE,"DEFLATES, DEFLATED, DEFLATED",To make or become smaller as a result of depressurization,"DEFLATE THE TIRE TO A PRESSURE OF 2 bar (29 psi). | IF THE WHEEL TEMPERATURE INCREASES TO MORE THAN 177 DEG., THE CORE OF THE FUSIBLE PLUG MELTS AND THE TIRE DEFLATES.",2-1-D5
HIT,"HITS, HIT, HIT",To touch suddenly and with much force,DO NOT HIT THE CARTRIDGE.,2-1-H5
PARK,"PARKS, PARKED, PARKED",To stop a vehicle and to let it stay in one position on the ground,PARK THE CAR IN THE PERMITTED AREA.,2-1-P1
STOP,"STOPS, STOPPED, STOPPED",1. To cause the end 2. To come to an end,"STOP THE ENGINE. | WHEN THE FLOW STOPS, REMOVE THE DRAIN HOSE.",2-1-S24
APPLY,"APPLIES, APPLIED, APPLIED","1. To put or spread something on 2. To use something (for example, pressure, force, load) to cause an effect",APPLY THE SEALING COMPOUND. | APPLY A FORCE OF 100 N ON THE END OF THE LEVER.,2-1-A17
DEFUEL,"DEFUELS, DEFUELED, DEFUELED",To remove fuel,DEFUEL THE TANK.,2-1-D5
HOLD,"HOLDS, HELD, HELD","1. To continue to have in the hand or grip 2. To continue to have in a specified location, position, or condition",HOLD THE ROD TIGHTLY. | HOLD THE AIRSPEED INDICATION AT THE SAME VALUE FOR 2 MINUTES.,2-1-H5
POINT,,1. A sharp or tapered end 2. An accurate location,"PUT THE POINT OF THE TOOL IN THE SLOT. | ON THE FLANGE, MEASURE THE DISTANCE BETWEEN POINTS “A” AND “B.”",2-1-P6
STOW,"STOWS, STOWED, STOWED",To move or cause to move into a specified position of storage.,STOW THE LIFE VEST SAFELY BELOW THE PASSENGER SEAT. | MAKE SURE THAT THE THRUST REVERSER STOWS WHEN YOU PUSH THE QUADRANT CONTROL FORWARD.,2-1-S24
ARM,"ARMS, ARMED, ARMED",1. To install armaments 2. To prepare for automatic operation,ARM THE AIRCRAFT. | SET THE SWITCH TO “CLOSE” TO ARM THE CIRCUIT.,2-1-A18
DEPLOY,"DEPLOYS, DEPLOYED, DEPLOYED",To move or cause to move from a specified position of storage and into operation,"WHEN THE THRUST REVERSER DEPLOYS, KEEP PERSONNEL AWAY FROM THE AIRCRAFT. | DEPLOY THE SLIDE RAFT.",2-1-D7
POLISH,"POLISHES, POLISHED, POLISHED",To make smooth or shiny,POLISH THE WINDOW PANE WITH A SOFT CLOTH.,2-1-P7
SUBTRACT,"SUBTRACTS, SUBTRACTED, SUBTRACTED",To take from a number or quantity,SUBTRACT COEFFICIENT “A” FROM THE INDICATION.,2-1-S27
ASSEMBLE,"ASSEMBLES, ASSEMBLED, ASSEMBLED","To attach, connect, or put together the parts of something",ASSEMBLE THE VALVE AS FOLLOWS:,2-1-A20
DISARM,"DISARMS, DISARMED, DISARMED",1. To remove armaments 2. To prevent automatic operation,DISARM THE AIRCRAFT. | DISARM THE LIFT DUMPER.,2-1-D13
IDENTIFY,"IDENTIFIES, IDENTIFIED, IDENTIFIED",1. To use a specified code or marking to supply with an identity 2. To show an identity,IDENTIFY THE WIRES WITH SLEEVES OF DIFFERENT COLORS. | A 406 MHz DIGITAL SIGNAL IDENTIFIES THE EMERGENCY LOCATOR TRANSMITTER AND ITS LOCATION. | FIND THE DAMAGED AREAS.,2-1-I1
PREPARE,"PREPARES, PREPARED, PREPARED",To make or become ready,PREPARE THE TUBE FOR THE LEAK TEST. | PREPARE FOR THE ELECTRICAL BONDING PROCEDURE.,2-1-P10
SUPPLY,,Something that is supplied,STOP THE ELECTRICAL POWER SUPPLY.,2-1-S29
ATTACH,"ATTACHES, ATTACHED, ATTACHED",To stay together or to cause different items to stay together,MAKE SURE THAT THE LABEL FULLY ATTACHES TO THE SURFACE AND THAT THERE ARE NO BUBBLES. | TEMPORARILY ATTACH THE CABLE TO THE ADJACENT STRUCTURE.,2-1-A22
DISASSEMBLE,"DISASSEMBLES, DISASSEMBLED, DISASSEMBLED",To take an assembly apart,DISASSEMBLE THE VALVE ASSEMBLY.,2-1-D13
IGNORE,"IGNORES, IGNORED, IGNORED","Not to think about something, not to do something about",IGNORE THE VIBRATION INDICATIONS. | SELECT “CANCEL” TO IGNORE ALL CHANGES.,2-1-I1
PRESSURIZE,"PRESSURIZES, PRESSURIZED, PRESSURIZED",To supply pressure,PRESSURIZE THE CHAMBER TO 150 psi.,2-1-P10
SWALLOW,"SWALLOWS, SWALLOWED, SWALLOWED",To take through the mouth and esophagus into the stomach,"IF YOU SWALLOW NITRIC ACID, DO NOT CAUSE VOMITING. | GET MEDICAL AID IMMEDIATELY.",2-1-S30
DISCARD,"DISCARDS, DISCARDED, DISCARDED",To not use again,REMOVE THE O-RINGS AND DISCARD THEM.,2-1-D13
ILLUMINATE,"ILLUMINATES, ILLUMINATED, ILLUMINATED",To make something visible with an external light source COME ON BE ON,"THE EMERGENCY LIGHTS COME ON TO ILLUMINATE THE EVACUATION PATH. | WHEN THE PRESSURE LIGHT COMES ON, READ THE VALUE ON THE PRESSURE GAUGE. | MAKE SURE THAT THE LAMP COMES ON. | MAKE SURE THAT THE LAMP IS ON.",2-1-I2
PREVENT,"PREVENTS, PREVENTED, PREVENTED",To make sure that something does not occur,"TO PREVENT DAMAGE TO THE ENGINE, IMMEDIATELY INSTALL PROTECTIVE COVERS ON ALL OPENINGS.",2-1-P11
BALANCE,"BALANCES, BALANCED, BALANCED",To make equal,BALANCE THE ELECTRICAL LOADS ON EACH GENERATOR.,2-1-B2
DISCONNECT,"DISCONNECTS, DISCONNECTED, DISCONNECTED","To separate something from the thing that it is connected to, or to become separated","DISCONNECT THE POWER SUPPLY. | WHEN YOU TOUCH THIS ICON, THE COMPUTER DISCONNECTS FROM THE INTERNET.",2-1-D13
INCLUDE,"INCLUDES, INCLUDED, INCLUDED","To make, or to be, part of",THIS CHAPTER INCLUDES THE PROCEDURES FOR THE REMOVAL OF THE COMPONENTS.,2-1-I6
PROTRUDE,PROTRUDES PROTRUDED PROTRUDED,To be farther forward or out from an adjacent surface,"IF THE POP-OUT INDICATOR PROTRUDES, REPLACE THE FILTER ELEMENT.",2-1-P16
TAG,"TAGS, TAGGED, TAGGED",To put a tag on,"OPEN AND TAG THE CIRCUIT BREAKERS. | THEN, SAFETY THEM.",2-1-T1
BE,"IS, WAS, (also ARE, WERE)","1. To occur, exist 2. To have a property, to be equal to","IF THERE IS CORROSION ON THE PUMP VANES, REPLACE THE PUMP. | ACID SOLUTIONS ARE DANGEROUS.",2-1-B3
DISENGAGE,"DISENGAGES, DISENGAGED, DISENGAGED",To release or become released from something that engages,"BEFORE YOU START THE ENGINE, DISENGAGE THE CLUTCH. | IF THERE IS A MALFUNCTION, THE GEARS WILL AUTOMATICALLY DISENGAGE.",2-1-D14
INCREASE,"INCREASES, INCREASED, INCREASED",To make or become larger or higher in value,INCREASE THE VANE ANGLE TO 90 DEGREES. | MAKE SURE THAT THE TEMPERATURE INCREASES TO 30 °C.,2-1-I8
PULL,"PULLS, PULLED, PULLED",To use a force on something to move it toward the source of the force,PULL THE CABLE DOWN AND AWAY FROM THE BRACKET.,2-1-P17
TAP,"TAPS, TAPPED, TAPPED",To hit lightly and quickly,TAP THE BOLT WITH A MALLET.,2-1-T1
BECOME,"BECOMES, BECAME",To come to be,THE SCREEN BECOMES AVAILABLE.,2-1-B3
DIVIDE,"DIVIDES, DIVIDED, DIVIDED",1. To separate into parts or groups 2. To do mathematical division,"YOU CAN DIVIDE THE DRAINS INTO THREE GROUPS. | THE PRESSURE LINES DIVIDE AND GO IN DIFFERENT DIRECTIONS. | TO FIND THE MIDDLE POINT, DIVIDE THE MEASURED CLEARANCE BY TWO.",2-1-D16
INFLATE,"INFLATES, INFLATED, INFLATED",To make or become larger as a result of pressurization by a gas,"INFLATE THE TIRES WITH NITROGEN. | OPERATION OF THE HANDLE RELEASES THE GAS, AND THE SLIDE-RAFT INFLATES.",2-1-I9
PUSH,"PUSHES, PUSHED, PUSHED",1. To apply a force to something to move it away from the source of the force 2. To move with a force against something,PUSH THE INSERT DOWN UNTIL IT TOUCHES THE BOTTOM OF THE HOLE. | THE SPRING UNIT PUSHES AGAINST THE BRAKE PEDAL.,2-1-P18
TELL,"TELLS, TOLD, TOLD",To give an order or supply information,PUT A WARNING NOTICE IN THE ENTRANCE TO TELL VISITORS ABOUT THE SAFETY PRECAUTIONS. | THE COMPUTER TELLS THE TECHNICIAN THE ERROR CODE.,2-1-T2
BEND,,The area where something is bent,EXAMINE THE BENDS FOR CRACKS.,2-1-B4
DO,"DOES, DID, DONE","1. To complete a procedure, task, or step 2. As an auxiliary verb a. As part of a b. As part of a",DO A FUNCTIONAL TEST. | DO NOT BREATHE THE SOLVENT FUMES. | DOES THE LIGHT COME ON?,2-1-D16
INSTALL,"INSTALLS, INSTALLED, INSTALLED",To attach an item in or to a second item,INSTALL THE NEW O-RINGS ON THE SPINDLE.,2-1-I11
PUT,"PUTS, PUT",To cause something to move or to be in a specified position or condition,PUT THE ADAPTER IN POSITION AGAINST ITS SUPPORT. | PUT THE LEVER BACK TO ITS INITIAL POSITION.,2-1-P18
THINK,"THINKS, THOUGHT, THOUGHT",To have an opinion,"IF YOU THINK THAT THE WATER WILL FREEZE, ADD ANTIFREEZE.",2-1-T5
BLEED,"BLEEDS, BLED, BLED",To let a gas out of,BLEED THE SPEEDBRAKE HYDRAULIC SYSTEM.,2-1-B5
DRAIN,"DRAINS, DRAINED, DRAINED",To remove liquid,DRAIN THE SYSTEM FULLY.,2-1-D17
INTERCHANGE,"INTERCHANGES, INTERCHANGED, INTERCHANGED",To put or use each of two things in the place of the other without change,INTERCHANGE THE No. | 1 AND No. | 2 COMPUTERS. | THEN DO THE TEST AGAIN.,2-1-I12
PUT ON,"PUTS ON, PUT ON","To cover your skin or face with clothing, or other items that give protection",PUT ON SAFETY GOGGLES AND PROTECTIVE CLOTHING.,2-1-P18
TIGHTEN,"TIGHTENS, TIGHTENED, TIGHTENED",To cause to be tight,TIGHTEN THE SCREWS.,2-1-T6
BLOW,"BLOWS, BLEW, BLOWN",To cause gas to move,BLOW DRY AIR THROUGH THE FEED TUBES.,2-1-B6
DRINK,"DRINKS, DRANK,",To consume liquid,DO NOT DRINK IN THE WORK AREA. | DO NOT SWALLOW THE SOLVENT.,2-1-D18
ISOLATE,"ISOLATES, ISOLATED, ISOLATED",To prevent a supply or connection to,ISOLATE THE ELECTRICAL POWER SUPPLY.,2-1-I16
TILT,"TILTS, TILTED, TILTED",To move at an angle or to put something at an angle between the vertical and the horizontal,"TO ALIGN THE BOLT, TILT IT TO THE LEFT SIDE. | IF THE SHAFT TILTS, STOP THE TEST PROCEDURE.",2-1-T7
BOND,,1. A connection between structural components for electrical continuity 2. A firm connection with another material,DO A RESISTANCE CHECK OF THE PRIMARY BONDS. | MAKE SURE THAT THE BOND BETWEEN THE HONEYCOMB CORE AND THE SKIN IS CORRECT.,2-1-B6
DRY,"DRIER, DRIEST",Without liquid or moisture,MAKE SURE THAT THE SURFACE IS DRY.,2-1-D19
TORQUE,"TORQUES, TORQUED, TORQUED",To tighten to a specified torque,TORQUE THE PLUG TO 6 Nm.,2-1-T8
BREAK,"BREAKS, BROKE, BROKEN",To cause to separate or become separated into parts by force,"BREAK THE BOND OF THE SEALANT. | IF THE SHEAR PIN BREAKS, DO AN INSPECTION OF THE TOWBAR.",2-1-B8
READ,"READS, READ, READ",To come to know information with the eyes or electronically,READ THE INDICATORS ON THE CONTROL PANEL.,2-1-R2
TOUCH,"TOUCHES, TOUCHED, TOUCHED",To be in contact,MAKE SURE THAT THE LOCK NUT TOUCHES THE SPRING.,2-1-T9
BREATHE,"BREATHES, BREATHED, BREATHED",To get gas into or out of the lungs,DO NOT BREATHE THE SOLVENT FUMES. | BREATHE INTO THE OXYGEN MASK.,2-1-B8
EAT,"EATS, ATE",To consume food,DO NOT EAT IN THE WORK AREA. | DO NOT SWALLOW THE POTTING COMPOUND.,2-1-E2
KEEP,"KEEPS, KEPT, KEPT",To continue to have or hold,KEEP THE COMPOUND IN A CLOSED CONTAINER.,2-1-K1
RECEIVE,"RECEIVES, RECEIVED, RECEIVED","To get energy, material, or a signal from a different source",MAKE SURE THAT THE CAPTAIN'S BOOMSET RECEIVES THE SIGNALS CORRECTLY.,2-1-R4
TOW,"TOWS, TOWED, TOWED",To pull something along,"BEFORE YOU TOW THE VEHICLE BACK TO ITS INITIAL POSITION, COMPLETE THE PROCEDURE",2-1-T9
BURN,"BURNS, BURNED, BURNED",1. To cause or undergo combustion 2. To cause injury or damage through heat,THE TURBINE BURNS FUEL. | THE SEALANT BURNS AT 109 DEG. | F. | HOT SURFACES CAN BURN YOU.,2-1-B9
EJECT,"EJECTS, EJECTED, EJECTED",To move or to cause a person or item to move from an aircraft or equipment with force,"IF YOU PULL THE EJECTION SEAT HANDLE, THE SEAT WILL EJECT.",2-1-E3
KILL,"KILLS, KILLED, KILLED",To cause death,HIGH VOLTAGES CAN KILL YOU.,2-1-K1
RECOMMEND,"RECOMMENDS, RECOMMENDED, RECOMMENDED",To advise that which is best,THE MANUFACTURER RECOMMENDS THAT YOU KEEP THE UNIT IN A DEDICATED AREA.,2-1-R5
TRANSMIT,"TRANSMITS, TRANSMITTED, TRANSMITTED",To send energy or a signal,MAKE SURE THAT THE TRANSPONDER TRANSMITS THE SIGNAL CORRECTLY.,2-1-T10
BYPASS,"BYPASSES, BYPASSED, BYPASSED",To change a circuit so that it goes past something instead of through it,"IN THIS CONFIGURATION, THE HYDRAULIC PRESSURE BYPASSES THE VALVE.",2-1-B10
ENERGIZE,"ENERGIZES, ENERGIZED, ENERGIZED",To supply electrical power to,ENERGIZE THE AC AND DC BUSBARS.,2-1-E6
KNOW,"KNOWS, KNEW, KNOWN","To be sure of data, to have data ready to use","IF YOU KNOW THE CLEARANCE, YOU CAN CALCULATE THE THICKNESS OF THE WASHER. | Blank Page",2-1-K1
RECORD,"RECORDS, RECORDED, RECORDED",1. To make notes of and keep data to use subsequently 2. To put data on a storage medium,RECORD THE RESULTS. | THE COCKPIT VOICE RECORDER RECORDS SIGNALS FROM FOUR AUDIO INPUTS DURING THE FLIGHT.,2-1-R5
TRY,"TRIES, TRIED, TRIED",To make an effort to do something,TRY TO MOVE THE CONTROL COLUMN.,2-1-T12
ENGAGE,"ENGAGES, ENGAGED, ENGAGED",To correctly align and come together,ENGAGE THE CLUTCH. | MAKE SURE THAT THE CLUTCH ENGAGES.,2-1-E6
RECYCLE,"RECYCLES, RECYCLED, RECYCLED",To put a used material through a process to make it possible to use it or its components again,MAKE SURE THAT YOU RECYCLE THE REMOVED INSULATION MATERIAL. | DO ONE MORE TEST CYCLE OF THE COMPONENT.,2-1-R6
TUNE,"TUNES, TUNED, TUNED",To adjust equipment to the best performance,TUNE ADF 1 TO A KNOWN FREQUENCY.,2-1-T12
CALCULATE,"CALCULATES, CALCULATED, CALCULATED",To find a result by mathematics,CALCULATE THE PERCENTAGE WITH THE APPLICABLE FORMULA.,2-1-C1
ERASE,"ERASES, ERASED, ERASED",To remove data from a medium,ERASE THE TAPE.,2-1-E8
LATCH,"LATCHES, LATCHED, LATCHED",To hold something in position with a latching device,MAKE SURE THAT YOU LATCH THE DOOR CORRECTLY. | MAKE SURE THAT THE DOOR LATCHES CORRECTLY.,2-1-L1
REFER,"REFERS, REFERRED, REFERRED",1. To tell a person where to find information 2. To give information,"REFER TO CHAPTER 28 FOR THE INSTALLATION PROCEDURE. | BEFORE YOU DO THIS PROCEDURE, ENGAGE THE RAMP SERVICE DOOR SAFETY CONNECTOR PIN (THE PIN THAT HOLDS THE RAMP SERVICE DOOR, REFERRED TO IN THIS PROCEDURE AS THE “SAFETY CONNECTOR PIN”).",2-1-R6
TURN,,One full cycle of movement around an axis,LET THE PRESSURE BECOME STABLE AFTER EACH TURN OF THE ADJUSTMENT SCREW.,2-1-T12
CALIBRATE,"CALIBRATES, CALIBRATED, CALIBRATED",To measure and adjust the precision of something,CALIBRATE THE THERMOMETER TO THE CELSIUS SCALE.,2-1-C1
EXAMINE,"EXAMINES, EXAMINED, EXAMINED",To look carefully at,EXAMINE THE COMPUTER FOR DAMAGE.,2-1-E12
LET,"LETS, LET",To give opportunity,LET THE ADHESIVE BECOME TACKY.,2-1-L4
REFUEL,"REFUELS, REFUELED, REFUELED",To supply with fuel,REFUEL THE VEHICLE.,2-1-R7
TWIST,"TWISTS, TWISTED, TWISTED",1. To use a force that turns something and causes a distortion 2. To turn or change shape as a result of torsion,"DO NOT TWIST THE CABLES. | IF THE CABLE TWISTS, DISCONNECT THE TWO CONNECTORS.",2-1-T13
CAN,"CAN, COULD","Auxiliary modal verb that means to be possible, to be able to, or to be permitted to","A MIXTURE OF FUEL AND OXYGEN CAN CAUSE AN EXPLOSION. | YOU CAN CLEAN THE DRAIN HOLES WITH THE CLEANING TOOL. | YOU CAN OPERATE THE VEHICLE AFTER THE INSPECTION IS COMPLETED. | IF YOU DO NOT OBEY THIS WARNING, AN EXPLOSION CAN OCCUR.",2-1-C1
EXPAND,"EXPANDS, EXPANDED, EXPANDED","To increase in dimension, volume, or time",THE BELLOWS MUST EXPAND. | HEAT EXPANDS THE GAS IN THE CONTAINER.,2-1-E16
LIFT,"LIFTS, LIFTED, LIFTED",To move something up,LIFT THE COVER CAREFULLY.,2-1-L5
REJECT,"REJECTS, REJECTED, REJECTED",To make a decision that something is unsatisfactory,REJECT THE PARTS THAT ARE DAMAGED.,2-1-R8
CANCEL,"CANCELS, CANCELED, CANCELED",1. To do the necessary steps to stop a process 2. To remove the validity of something,"IF YOU ACCIDENTALLY PUSH THE SWITCH, CANCEL THE START SEQUENCE. | THIS NEW REVISION AUTOMATICALLY CANCELS THE PREVIOUS ONE.",2-1-C2
EXTEND,"EXTENDS, EXTENDED, EXTENDED","To increase, or cause something to increase, in dimension or range",FULLY EXTEND THE JACK RAM. | MAKE SURE THAT THE RODS EXTEND AND RETRACT.,2-1-E17
LISTEN,"LISTENS, LISTENED, LISTENED",To use your ears to hear or find,LISTEN FOR THE SIGNAL.,2-1-L6
RELEASE,"RELEASES, RELEASED, RELEASED","To make free, to let go",RELEASE THE INSTRUMENT PANEL TO GET ACCESS TO THE CONNECTIONS.,2-1-R9
UNFOLD,"UNFOLDS, UNFOLDED, UNFOLDED",To open or to straighten or to cause to open or to straighten from a folded position or condition,UNFOLD THE SHEETING CAREFULLY. | MAKE SURE THAT THE INDICATOR LIGHT COMES ON WHEN THE BLADES UNFOLD.,2-1-U3
CANNOT,,Auxiliary modal verb that means to not be able to,THE WHEEL CANNOT MOVE WHEN THE LOCK IS ENGAGED.,2-1-C2
EXTINGUISH,"EXTINGUISHES, EXTINGUISHED, EXTINGUISHED",To stop burning GO OFF BE OFF,"TO EXTINGUISH A FIRE IN THE ENGINE, ACTIVATE THE FIRE SUPPRESSION SYSTEM IMMEDIATELY. | WHEN THE FLAME EXTINGUISHES, STOP THE FUEL SUPPLY. | THE “AUTO BRK” PUSHBUTTON LIGHT GOES OFF. | MAKE SURE THAT THE GREEN LIGHT ON THE PANEL IS OFF.",2-1-E18
LOCK,"LOCKS, LOCKED, LOCKED","To attach something, or hold it in position with a locking device","LOCK THE SWITCH. | AND REMOVE THE KEY. | BEFORE YOU CONTINUE, MAKE SURE THAT THE SWITCH LOCKS.",2-1-L8
REMOVE,"REMOVES, REMOVED, REMOVED",To take or move something away from its initial position,REMOVE THE INDICATOR FROM THE PANEL.,2-1-R9
UNLOCK,"UNLOCKS, UNLOCKED, UNLOCKED",To release or become released from a locked condition,"BEFORE YOU UNLOCK THE DOOR, MAKE SURE THAT THE CABIN DIFFERENTIAL PRESSURE IS ZERO. | IF THE LEVER UNLOCKS DURING THE TEST, SET THE LEVER TO THE LOCKED POSITION AGAIN.",2-1-U4
CATCH,"CATCHES, CAUGHT, CAUGHT",To stop or prevent the movement of something,THE LUG ON THE PANEL OPENING CATCHES THE BOTTOM OF THE DRAWER. | DO NOT LET THE TOOL CATCH ON THE PANEL. | COLLECT THE LEAKAGE IN A GRADUATED BEAKER.,2-1-C4
LOOK,"LOOKS, LOOKED, LOOKED",To use your eyes to see or find,LOOK THROUGH THE INSPECTION WINDOW.,2-1-L9
REPAIR,,The act of repairing or the result when something is repaired,"AFTER THE REPAIR, APPLY A PROTECTIVE LAYER OF GREASE TO ALL EXTERNAL SURFACES.",2-1-R10
UNWIND,"UNWINDS, UNWOUND, UNWOUND",To remove or become removed from around an object,"UNWIND THE CABLE. | IF THE HOSE UNWINDS TOO QUICKLY FROM THE REEL, STOP THE TEST.",2-1-U6
CAUSE,,Something that brings about a result,DO THE TROUBLESHOOTING PROCEDURE TO FIND THE CAUSE OF THE MALFUNCTION.,2-1-C4
FALL,"FALLS, FELL, FALLEN",To move down by the force of gravity,MAKE SURE THAT THE TOOLS DO NOT FALL INTO THE ENGINE.,2-1-F3
LOOSEN,"LOOSENS, LOOSENED, LOOSENED",To cause to be not tight,LOOSEN THE SCREWS THAT ATTACH THE CLAMP TO THE SUPPORT.,2-1-L10
REPLACE,"REPLACES, REPLACED, REPLACED",To remove an item and to install a new or serviceable item of the same type,REPLACE THE RELAY.,2-1-R11
USE,"USES, USED, USED",To make something do its specified function,"IN THIS STEP, USE AUXILIARY SCREWS. | USE A SPECIAL CONTAINER FOR STORAGE. | DURING THE CLEANING PROCEDURE, DO NOT USE HIGH PRESSURE.",2-1-U8
CHANGE,,That which occurs when something changes,THE COLOR CHANGE SHOWS THAT THE TEMPERATURE IS TOO HIGH.,2-1-C5
FEATHER,"FEATHERS, FEATHERED, FEATHERED",To put a propeller to a position of minimum drag,PUT THE CONDITION LEVER IN THE FTR POSITION TO FEATHER THE PROPELLER.,2-1-F5
LOWER,"LOWERS, LOWERED, LOWERED",To move something down,LOWER THE ANTENNA TO GET ACCESS TO THE CABLE CONNECTOR.,2-1-L10
RETRACT,"RETRACTS, RETRACTED, RETRACTED",1. To pull in(to) 2. To move in(to),RETRACT THE LANDING GEAR. | THE NOSE LANDING GEAR RETRACTS INTO THE FUSELAGE.,2-1-R14
CHARGE,"CHARGES, CHARGED, CHARGED",To accumulate or add electrical energy,CHARGE THE BATTERY. | MAKE SURE THAT THE BATTERY CHARGES. | FILL THE TANK WITH 10 LITERS OF METHANOL. | PRESSURIZE THE ACCUMULATOR WITH NITROGEN.,2-1-C6
FEEL,"FEELS, FELT, FELT",To touch to find,CAREFULLY LIFT THE MAGNETIC LEVEL INDICATOR UNTIL YOU FEEL THE MAGNETS.,2-1-F5
LUBRICATE,"LUBRICATES, LUBRICATED, LUBRICATED",To apply lubricant,LUBRICATE THE O-RINGS WITH HYDRAULIC FLUID.,2-1-L10
RUB,"RUBS, RUBBED, RUBBED",To move or cause something to move with pressure and friction along a surface,RUB THE SURFACE WITH A CLEAN CLOTH. | MAKE SURE THAT THE COILS OF THE OXYGEN HOSE DO NOT RUB TOGETHER.,2-1-R17
CLEAN,,That does not include dirt or unwanted material,MAKE SURE THAT THE AREA IS CLEAN.,2-1-C8
FILL,"FILLS, FILLED, FILLED","To put into a container or a space to the maximum level or, if specified, to a given level, pressure, or quantity",FILL THE TANK WITH METHANOL. | MAKE SURE THAT THE RESERVOIR FILLS WITH WATER.,2-1-F5
WAIT,"WAITS, WAITED, WAITED",To stop doing something while another thing occurs.,(1) IF THE STATUS OF THE FAULT IS “NOT CONFIRMED”: (a) OPEN THE APPLICABLE CIRCUIT BREAKER. (b) WAIT FOR 4 MINUTES. (c) DO THE BITE TEST.,2-1-W1
CLOSE,"CLOSES, CLOSED, CLOSED","1. To move together, or to move to a position that stops or prevents materials from going in or out 2. To operate a circuit breaker to make an electrical circuit",CLOSE THE INSTRUMENT PANEL. | MAKE SURE THAT THE DOORS CLOSE FULLY. | MAKE SURE THAT THE CIRCUIT BREAKER IS CLOSED. | MAKE SURE THAT THE CIRCUIT BREAKER CLOSES.,2-1-C10
FIND,"FINDS, FOUND, FOUND","To discover, to examine something so that you know",YOU CAN FIND THE NUMBERS ON THE SWITCH.,2-1-F6
MAKE,"MAKES, MADE, MADE","To manufacture, to cause to occur or to become",MAKE A RECESS FOR THE STUDS OF 5 mm. | MAKE THE CLOTH MOIST WITH WATER. | TILT THE FITTING TO MAKE THE BARREL NUT FALL OUT OF IT.,2-1-M2
SAFETY,,A condition that is safe,"FOR YOUR SAFETY, ALWAYS USE A PROTECTIVE MASK.",2-1-S1
WALK,"WALKS, WALKED, WALKED",To move on foot from one location to a different location,DO NOT WALK ON THIS AREA.,2-1-W1
COLLECT,"COLLECTS, COLLECTED, COLLECTED","To come, or cause to come, together in one location",FLUID COLLECTS IN THE BOTTOM OF THE COWLING. | COLLECT ALL LOOSE ITEMS AND PUT THEM IN THE CONTAINER.,2-1-C11
FIRE,,The light and/or heat from a material when it burns,"IF THERE IS A FIRE IN THE ENGINE COMPARTMENT, YOU WILL HEAR THE GONG.",2-1-F6
MAKE SURE,"MAKES SURE, MADE SURE, MADE SURE",To verify and/or do the necessary steps,MAKE SURE THAT NO LEAK DETECTION FLUID GOES INTO THE OXYGEN SYSTEM.,2-1-M2
SCHEDULE,"SCHEDULES, SCHEDULED, SCHEDULED",To plan something in a time or a sequence,SCHEDULE THE CHECKS OF THE TIRES AT REGULAR INTERVALS.,2-1-S2
WANT,"WANTS, WANTED, WANTED","To intend, to desire","RECORD THE NAME OF THE FILE THAT YOU WANT TO DOWNLOAD. | IF YOU WANT TO STOP THE PROCEDURE, RECORD THE NUMBER OF THE LAST COMPLETED STEP.",2-1-W1
COME,"COMES, CAME",To move to your location,FUMES MUST NOT COME INTO THE CABIN.,2-1-C12
FLASH,"FLASHES, FLASHED, FLASHED",To come on and go off frequently,THE RED LIGHTS FLASH IN HALF-SECOND INTERVALS.,2-1-F8
MEASURE,"MEASURES, MEASURED, MEASURED","To find the dimensions, capacity, or quantity of something",MEASURE THE LOAD.,2-1-M5
SEAL,,Something that prevents access or leaks,APPLY SEALANT TO THE FILLET SEALS.,2-1-S3
WEAR,"WEARS, WORE, WORN",To become damaged by friction,"THE CABLE CAN WEAR QUICKLY IN THIS POSITION. | DURING THE SOLDERING PROCEDURE, USE A PROTECTIVE SHIELD. | WHEN YOU USE THE SOLVENT, PUT ON PROTECTIVE CLOTHING.",2-1-W2
COME ON,"COMES ON, CAME ON",To become bright with light when an internal power source is energized,THE LIGHTS MUST COME ON.,2-1-C12
FLOW,,A continuous movement of fluid,AN ARROW ON THE FUEL VALVE SHOWS THE DIRECTION OF THE FLOW.,2-1-F9
MELT,"MELTS, MELTED, MELTED",To change or to cause something to change from solid to liquid because of heat,THE FUSIBLE PLUGS MUST MELT IN 20 SECONDS OR LESS. | DO NOT USE A FLAME TO MELT THE ICE.,2-1-M6
SEE,"SEES, SAW, SEEN",To know with the eyes,MAKE SURE THAT YOU CAN SEE THE CABLE THROUGH THE INSPECTION HOLE. | REFER TO TABLE 8001 FOR THE APPLICABLE TORQUE VALUES. | EXAMINE THE MEMBRANE FOR HOLES. | MOVE THE TUBE TO MAKE SURE THAT ITS INNER CONNECTION IS TIGHT.,2-1-S5
WEIGH,"WEIGHS, WEIGHED, WEIGHED",1. To measure the weight of something 2. To have a specified weight,WEIGH THE TWO PARTS OF THE COMPOUND. | THE UNIT WEIGHS 20 kg.,2-1-W3
COMPARE,"COMPARES, COMPARED, COMPARED",To examine for differences,COMPARE THE TWO VALUES.,2-1-C13
FLUSH,,Of a surface that is level or continuous with another surface,MAKE SURE THAT THE DOOR IS FLUSH WITH THE FUSELAGE SKIN.,2-1-F9
MIX,"MIXES, MIXED, MIXED",1. To put together two or more materials to become one 2. To become combined,"MIX THE COMPOUND. | IF FUEL AND WATER MIX, CONTAMINATION CAN OCCUR.",2-1-M7
SELECT,"SELECTS, SELECTED, SELECTED",To make a choice,SELECT THE HYDRAULIC SYSTEM THAT YOU WILL PRESSURIZE. | SELECT A LANGUAGE FROM THE MENU. | SET THE SWITCH TO “TEST.”,2-1-S6
WILL,,Auxiliary modal verb that shows simple future tense,WARNINGS AND CAUTIONS IN THIS MANUAL WILL HELP YOU TO DO THE WORK SAFELY AND CORRECTLY.,2-1-W5
COMPLETE,"COMPLETES, COMPLETED, COMPLETED",To bring to an end,COMPLETE THE FUNCTIONAL TEST.,2-1-C14
FOLD,"FOLDS, FOLDED, FOLDED",To double over or to cause to double over on itself,DISENGAGE THE UPPER AND LOWER GUIDE ARMS AND FOLD THEM BACK. | THE BICYCLE CAN FOLD FOR EASY STORAGE.,2-1-F9
MONITOR,"MONITORS, MONITORED, MONITORED",To do a check at something for a period of time to find if there is a change,MONITOR THE INDICATORS ON THE OVERHEAD PANEL. | HEAT SENSORS MONITOR THE AMBIENT TEMPERATURE.,2-1-M8
SEND,"SENDS, SENT, SENT",To cause to go,SEND THE FILTER ELEMENT TO THE MAINTENANCE SHOP FOR THE NECESSARY INSPECTION.,2-1-S6
WIND,"WINDS, WOUND, WOUND",To move around and around an object,WIND THE TAPE ON THE REEL.,2-1-W5
COMPRESS,"COMPRESSES, COMPRESSED, COMPRESSED",To decrease or cause to decrease in dimension or volume,"COMPRESS THE SPRING AND CAREFULLY INSTALL THE COVER. | WHEN THE SPRING COMPRESSES, THE VALVE OPENS.",2-1-C15
FOLLOW,"FOLLOWS, FOLLOWED, FOLLOWED","To come after, to go after","THIS TEST FOLLOWS THE INSTALLATION OF THE HP PUMP. | DO THE PROCEDURE THAT FOLLOWS. | FOLLOW THE GREEN LIGHTS TO THE NEAREST STAIRCASE. | WHEN YOU USE THIS MATERIAL, OBEY THE MANUFACTURER’S INSTRUCTIONS.",2-1-F10
MOOR,"MOORS, MOORED, MOORED",To hold something in position with ropes and cables,"IN BAD WEATHER CONDITIONS, MOOR THE BOAT.",2-1-M9
SENSE,"SENSES, SENSED, SENSED",To get an input automatically,THE TEMPERATURE BULB SENSES THE EXTERNAL AIR TEMPERATURE.,2-1-S6
WRITE,"WRITES, WROTE, WRITTEN","To record data or information as words, letters, or symbols",WRITE THE TEST DATE ON THE CERTIFICATE.,2-1-W7
CONNECT,"CONNECTS, CONNECTED, CONNECTED",To come together or cause to come together to make one unit or system,CONNECT THE ELECTRICAL CONNECTORS TO THE INSTRUMENT. | PLUG “A” CONNECTS TO SOCKET “B.”,2-1-C17
FREEZE,"FREEZES, FROZE, FROZEN",To go or cause to go to a temperature below the freezing point of a liquid (usually of water),"FREEZE THE BUSHINGS AS FOLLOWS: IF YOU THINK THAT THE WATER WILL FREEZE, ADD ANTIFREEZE.",2-1-F13
MOVE,"MOVES, MOVED, MOVED",To change or cause to change position or location,MAKE SURE THAT THE POINTER MOVES FREELY. | MOVE THE VALVE UNTIL IT ALIGNS WITH THE ACTUATOR SHAFT.,2-1-M10
SET,,A group of related items that you (can) use for the same purpose,USE THE SET OF TOOLS THAT IS SUPPLIED WITH THE UNIT.,2-1-S8
CONTACT,"CONTACTS, CONTACTED, CONTACTED",To start communication,CONTACT CUSTOMER SERVICES. | TIGHTEN THE FIXTURE SCREW UNTIL IT TOUCHES THE SURFACE.,2-1-C18
MULTIPLY,"MULTIPLIES, MULTIPLIED, MULTIPLIED",To use multiplication to get a result,MULTIPLY THE INDICATOR VALUE BY THE SCALE VALUE. | THE NUMBER OF CRACKS CAN INCREASE.,2-1-M10
SHAKE,"SHAKES, SHOOK, SHAKEN",To move or cause to move quickly up and down or from side to side,SHAKE THE CONTAINER. | THE CONTROL COLUMN STARTS TO SHAKE BEFORE A STALL OCCURS.,2-1-S9
CONTAIN,"CONTAINS, CONTAINED, CONTAINED",To have in something or hold in something,EACH SURVIVAL KIT CONTAINS THESE ITEMS:,2-1-C19
GET,"GETS, GOT","To obtain, to come into the state of having","IF YOU GET THE FLUID ON YOUR SKIN, FLUSH YOUR SKIN IMMEDIATELY WITH CLEAN WATER.",2-1-G4
MUST,,Auxiliary modal verb that shows obligation,THE BAT 1 SWITCH MUST BE IN THE ON POSITION.,2-1-M10
SHOW,"SHOWS, SHOWED, SHOWN",1. To cause to be seen 2. To be in view or come into view,THE INDICATOR SHOWS THE LEVEL OF BATTERY CHARGE. | THE SYMBOL SHOWS ON THE SCREEN.,2-1-S11
CONTINUE,"CONTINUES, CONTINUED, CONTINUED",To stay or keep in current condition or operation,"CONTINUE THE TEST. | IF THE LOW PRESSURE CONDITION CONTINUES, REPLACE THE UNIT.",2-1-C19
GIVE,"GIVES, GAVE, GIVEN",To provide,THIS SECTION GIVES THE CLEANING PROCEDURES FOR THE DISASSEMBLED PARTS.,2-1-G5
SIMULATE,"SIMULATES, SIMULATED, SIMULATED",To make a condition that is the same as one that can occur in operation,SIMULATE A WHEEL SPEED OF 80 KNOTS.,2-1-S12
